MasterID,ID,Mag,Magerr,RA,Dec,FWHM,Var,FrameID,MJD,airmass,exposure,X,Y,Flux,Area,Flags,Theta,Elong,MuMax,Blend
1109115056348,5102410911521034265,20.502022,0.369765458614243,325.46849,10.10602,2.52,1,5102410911521,53667.1138390624,1.08,30,751.075,2339.34,239.399994,2,0,-39.8,1.688,0.86,0
1109115056348,6042310911541025285,18.585887,0.160071009667139,325.46844,10.10381,2.91,1,6042310911541,53848.4964021296,1.48,25,743.149,2424.63,1094,3,0,43,1.024,1,0
1109115056348,6050610911531035566,20.710205,0.449295908835944,325.46751,10.10554,0.31,0,6050610911531,53861.4475202197,1.6,30,773.242,2451.09,174.300003,2,0,0,1.994,1.03,0
1109115056348,8050610911541035707,20.198619,0.414444368762021,325.46761,10.10546,1.56,1,8050610911541,54592.4508695604,1.56,20,733.319,2567.43,198.600006,3,0,42.8,1.642,0.78,0
1109115056348,8092810911521041156,20.306707,0.315925059662242,325.46845,10.10546,3.36,1,8092810911521,54737.2561167013,1.17,30,822.563,2304.39,311.5,3,0,-18,1.738,0.6,0
1109115056348,9061710911541041948,20.819457,0.66770384259225,325.46762,10.10554,0.56,0,9061710911541,54999.4099179513,1.16,15,761.115,2452.1,93.400002,2,0,0,1.983,0.77,0
