MasterID,ID,Mag,Magerr,RA,Dec,FWHM,Var,FrameID,MJD,airmass,exposure,X,Y,Flux,Area,Flags,Theta,Elong,MuMax,Blend
3001003008720,5073100100311007528,18.99112,0.482875670634809,5.82856,-1.05017,5.34,0,5073100100311,53582.6661413658,1.3,20,486.923,1983.58,155.300003,7,0,-7.4,1.264,0.8,0
3001003008720,6061400100331005195,19.838278,0.52818099886055,5.82788,-1.0503,1.16,0,6061400100331,53900.8025668636,1.27,30,481.391,1991.26,134.699997,3,0,41.6,1.582,0.99,0
3001003008720,8070500100321006770,19.859787,0.656402444017165,5.82877,-1.05037,3.42,0,8070500100321,54652.817008611,1.16,20,452.912,1950.61,95.900002,4,0,-18.5,1.751,0.72,0
3001003008720,8070500100331007231,20.195189,0.748733206928862,5.82834,-1.04991,2.91,0,8070500100331,54652.8236396529,1.16,20,445.212,1971.46,78.300003,4,0,-44.4,1.038,0.64,0
3001003008720,8070500100341007441,19.842911,0.601650384130442,5.82848,-1.05007,1.98,0,8070500100341,54652.8299797104,1.16,20,462.13,1970.17,109.800003,3,0,71.1,1.526,0.86,0
3001003008720,9080200100331009340,19.135306,0.339813884555412,5.82841,-1.05064,3.62,0,9080200100331,55045.7665106366,1.18,30,447.786,1973.22,275.5,4,0,-62.9,1.546,1.07,0
3001003008720,11061900100331008922,19.13695,0.333851256855519,5.82899,-1.04984,3.1,0,11061900100331,55731.7977971065,1.24,40,346.252,1995,283.799988,4,0,63.7,1.226,1.04,0
3001003008720,12062400100341009565,19.824005,0.397820252565601,5.82843,-1.05031,4.03,0,12062400100341,56102.7964566204,1.2,40,504.276,1959.72,212.300003,6,0,-5.9,2.492,0.83,0
