MasterID,ID,Mag,Magerr,RA,Dec,FWHM,Var,FrameID,MJD,airmass,exposure,X,Y,Flux,Area,Flags,Theta,Elong,MuMax,Blend
1101113029891,12090610111311018639,17.524891,0.10329449668145,317.80687,0.81425,9.33,1,12090610111311,56176.2714511459,1.21,30,9.893,1155.84,3050,12,2,-22,1.937,1.2,0
1101113029891,12090610111321018577,18.692164,0.162344498115091,317.80721,0.81378,5.34,1,12090610111321,56176.2786581018,1.22,30,10.68,1114.49,1062.699951,5,2,82.7,1.459,0.88,0
1101113029891,12100510111321022628,19.951843,0.288705425194954,317.806,0.81411,2.29,1,12100510111321,56205.140187338,1.16,30,38.879,1177.48,363.399994,4,0,-27.5,1.59,0.96,0
1101113029891,12100510111331023123,18.198013,0.129782700938284,317.80619,0.81408,3.95,1,12100510111331,56205.1478217826,1.16,30,21.956,1210.23,1726.300049,8,2,-20.1,2.145,1.16,0
