MasterID,ID,Mag,Magerr,RA,Dec,FWHM,Var,FrameID,MJD,airmass,exposure,X,Y,Flux,Area,Flags,Theta,Elong,MuMax,Blend
1109123053640,5100710912321031992,20.924698,0.522552126353229,345.89339,10.84286,0.36,0,5100710912321,53650.2172014583,1.08,30,3946.34,3422.43,137,2,0,90,1.993,0.78,0
1109123053640,6060110912321031226,20.475164,0.407911235688926,345.89381,10.84377,1.78,0,6060110912321,53887.4447804629,1.55,30,3931.07,3464.32,203.800003,2,0,46.8,1.557,0.98,0
1109123053640,6092710912311036327,19.815092,0.248189337615395,345.89323,10.84314,4.38,0,6092710912311,54005.1908131135,1.17,30,3896.79,3471.19,473.799988,7,0,40.6,2.433,0.73,0
1109123053640,8112010912311042621,20.745703,0.40607899579887,345.89251,10.84439,2.53,0,8112010912311,54790.1877875347,1.21,30,3941.66,3449.35,205.300003,2,0,-47.2,1.686,0.6,0
1109123053640,9121910912311040445,19.668053,0.231757899198112,345.89304,10.8436,3.43,1,9121910912311,55184.0855707405,1.14,30,3902.47,3391.49,536,3,0,-18,1.605,0.74,0
1109123053640,11010410912321034315,19.505525,0.22316268502779,345.89299,10.84362,4.41,1,11010410912321,55565.1192890508,1.53,30,3904.44,3345.43,574.299988,5,0,-29.5,3.221,0.89,0
1109123053640,12061510912341042571,20.038835,0.297256701134327,345.89311,10.84305,4.03,0,12061510912341,56093.4180778125,1.44,30,3932.4,3681.11,345.600006,4,0,-29.6,2.571,1.04,0
1109123053640,13092610912321045012,20.815741,0.43371849154209,345.89301,10.84303,2.53,0,13092610912321,56561.3075431134,1.13,30,4014.29,3419.63,184.5,2,0,48.2,1.719,0.87,0
