MasterID,ID,Mag,Magerr,RA,Dec,FWHM,Var,FrameID,MJD,airmass,exposure,X,Y,Flux,Area,Flags,Theta,Elong,MuMax,Blend
1157027002153,9121915702721001515,20.645173,0.385631099593962,135.53737,56.49038,2.9,0,9121915702721,55184.358898229,1.18,30,1211.53,136.916,223.399994,3,0,0,2.968,0.64,0
1157027002153,12030415702721001185,20.621505,0.393083425645762,135.53636,56.48984,1.03,0,12030415702721,55990.1621176503,1.16,30,1221.52,114.464,216.5,2,0,90,1.982,0.75,0
1157027002153,12121215702732001178,21.328329,0.489428527668729,135.53741,56.48963,2.35,0,12121215702732,56273.4629997801,1.11,40,1130.44,95.334,152,2,0,90,1.999,0.63,0
1157027002153,13010815702711000999,20.438736,0.360820889752841,135.53805,56.48974,3.44,1,13010815702711,56300.382663588,1.11,30,1147.87,78.973,249.300003,4,0,69.4,1.774,0.61,0
1157027002153,13010815702721000671,20.078725,0.295862480100085,135.53693,56.49051,4.21,1,13010815702721,56300.3859921298,1.11,30,1148.36,56.108,348.399994,4,0,-15.4,1.086,0.88,0
1157027002153,13010815702731001180,20.684508,0.412657100412671,135.53738,56.49034,0.19,0,13010815702731,56300.3893826967,1.11,30,1127.99,94.361,200,3,0,45.7,1.054,1.03,0
