MasterID,ID,Mag,Magerr,RA,Dec,FWHM,Var,FrameID,MJD,airmass,exposure,X,Y,Flux,Area,Flags,Theta,Elong,MuMax,Blend
1155045001661,7022715504531000624,20.857057,0.423031060689603,212.5107,53.62547,2.35,0,7022715504531,54158.3727271296,1.17,30,611.368,97.507,192.100006,2,0,0,1.998,0.83,0
1155045001661,8061315504511000439,20.897432,0.433427700253989,212.50929,53.62483,0.53,0,8061315504511,54630.2735383795,1.22,30,624.884,58.965,184.699997,2,0,90,1.999,0.81,0
1155045001661,9020315504521001490,19.985858,0.260293390751553,212.50859,53.62485,3.42,0,9020315504521,54865.3895309838,1.31,30,679.795,128.23,435.399994,3,0,18.3,1.705,0.83,0
1155045001661,9020315504541001694,20.756993,0.395770862649656,212.50887,53.62519,3.2,0,9020315504541,54865.4045468867,1.26,30,698.292,144.873,214.100006,3,0,70.3,2.497,0.63,0
1155045001661,9033015504521002015,20.307558,0.318099464073166,212.50987,53.62531,4.06,0,9033015504521,54920.3216369562,1.12,30,567.705,166.239,307.899994,3,0,-71.6,1.1,0.69,0
1155045001661,11040215504511000162,20.357865,0.339961331498049,212.50947,53.62499,4.27,0,11040215504511,55653.3308709026,1.1,30,749.634,18.287,275.299988,3,0,-28.5,1.108,0.68,0
1155045001661,11031515504521000780,20.222008,0.432125694495351,212.50945,53.62505,2.54,0,11031515504521,55635.3918119559,1.09,20,728.693,99.907,185.600006,3,0,43.5,1.723,0.89,0
1155045001661,12042715504521000544,21.21133,0.54339643216192,212.51,53.62458,2.35,0,12042715504521,56044.3102543517,1.09,30,732.016,55.006,128.800003,2,0,90,2,0.83,0
1155045001661,13052915504531001500,20.428971,0.36436102927021,212.51082,53.62571,0.77,0,13052915504531,56441.2513264353,1.11,30,564.292,43.918,245.300003,3,0,-42.5,1.044,0.93,0
