MasterID,ID,Mag,Magerr,RA,Dec,FWHM,Var,FrameID,MJD,airmass,exposure,X,Y,Flux,Area,Flags,Theta,Elong,MuMax,Blend
1152048027014,9031815204821021575,20.608093,0.449938315904837,213.2614,52.06132,1.62,0,9031815204821,54908.3022246412,1.2,30,239.33,1958.96,173.899994,2,0,0,3.04,0.89,0
1152048027014,10041115204841021852,21.3654,0.588020031941699,213.26008,52.06119,1.48,0,10041115204841,55297.2998795025,1.08,30,256.661,1922.53,113.800003,2,0,-45,2.617,0.69,0
1152048027014,12052915204831016065,20.6731,0.438595155849803,213.26087,52.06093,1.4,0,12052915204831,56076.2990845137,1.17,24,246.537,1804.26,181.199997,2,0,-46.7,1.779,0.68,0
1152048027014,13032415204821015942,20.870359,0.446435831512078,213.26142,52.06184,-0.5,0,13032415204821,56375.3448122456,1.09,30,198.156,1828.39,176.100006,2,0,90,2,0.68,0
1152048027014,13041515204831022082,20.77729,0.423575600829766,213.25988,52.06152,-0.1,0,13041515204831,56397.3882172569,1.11,30,129.59,1862.42,191.699997,2,0,-45.3,1.134,0.68,0
