MasterID,ID,Mag,Magerr,RA,Dec,FWHM,Var,FrameID,MJD,airmass,exposure,X,Y,Flux,Area,Flags,Theta,Elong,MuMax,Blend
1152048037316,9042515204811030609,21.480368,0.63121393660761,213.21592,52.51228,-0.13,0,9042515204811,54946.3804059839,1.14,30,302.266,2435.64,101.900002,2,0,90,1.998,0.74,0
1152048037316,9030215204821028340,21.48765,0.70545897115025,213.21595,52.51261,0.13,0,9030215204821,54892.3899373378,1.11,24,295.245,2497.66,85.800003,2,0,90,1.996,0.76,0
1152048037316,9032515204811027468,20.616159,0.377762957864304,213.21499,52.51187,2.9,0,9032515204811,54915.4759526504,1.16,30,240.235,2425.74,231.100006,4,0,32.6,2.414,0.77,0
1152048037316,12042715204831027776,20.911783,0.456838250883335,213.21591,52.51216,2.53,0,12042715204831,56044.3171518287,1.07,30,314.893,2546.5,169.699997,3,0,41.6,1.711,0.61,0
1152048037316,13052215204811021074,19.815814,0.257101455325747,213.21566,52.51281,3.42,1,13052215204811,56434.2876959955,1.11,30,202.925,2527.67,445,3,0,-21.6,1.746,0.6,0
