MasterID,ID,Mag,Magerr,RA,Dec,FWHM,Var,FrameID,MJD,airmass,exposure,X,Y,Flux,Area,Flags,Theta,Elong,MuMax,Blend
1118116046754,6052311811621029580,21.023289,0.52279353269798,338.94108,18.67333,-0.12,0,6052311811621,53878.4415557869,1.44,30,878.227,2574.11,136.899994,2,0,0,1.999,0.92,0
1118116046754,6092211811611024434,20.2713,0.477309270347689,338.93986,18.67461,-0.54,0,6092211811611,54000.1867960994,1.09,30,808.213,2542.12,158.199997,2,0,0,2,0.79,0
1118116046754,9083111811621029033,20.228623,0.423575600829766,338.9417,18.67437,2.35,0,9083111811621,55074.2537543403,1.07,20,775.176,2606.14,191.699997,2,0,0,2,0.66,0
1118116046754,9101611811621037144,21.223866,0.548002306187881,338.94136,18.67273,0.31,0,9101611811621,55120.1468077661,1.05,30,844.188,2460.09,127.099998,2,0,0,1.991,0.82,0
1118116046754,13011711811611033994,20.697454,0.419272593806418,338.94227,18.67296,0.38,0,13011711811611,56309.0814090511,1.64,30,833.169,2509.1,194.899994,2,2,0,1.989,1.02,0
1118116046754,13060411811611037255,18.810752,0.233539890288332,338.94036,18.67224,4.4,0,13060411811611,56447.3672915394,1.92,30,956.802,2533.69,528.599976,6,0,0.8,2.286,0.91,0
