MasterID,ID,Mag,Magerr,RA,Dec,FWHM,Var,FrameID,MJD,airmass,exposure,X,Y,Flux,Area,Flags,Theta,Elong,MuMax,Blend
1123108039417,7101812310831030634,19.741856,0.235464632822544,326.80702,23.61234,4.06,0,7101812310831,54391.1343014813,1.01,30,3603.22,1509.8,520.799988,5,0,69.2,1.103,0.94,0
1123108039417,13092312310811030445,20.262838,0.333991433497363,326.80734,23.61278,0.54,0,13092312310811,56558.1652945485,1.05,30,3553.51,1518.44,283.600006,3,0,-37.4,1.025,0.65,0
1123108039417,13102612310841031031,21.018688,0.501767321906569,326.80729,23.61283,1.4,0,13102612310841,56591.1980767013,1.1,30,3603.45,1524.55,146.100006,2,0,-45,2.633,0.73,0
