MasterID,ID,Mag,Magerr,RA,Dec,FWHM,Var,FrameID,MJD,airmass,exposure,X,Y,Flux,Area,Flags,Theta,Elong,MuMax,Blend
1126112004076,7110312611211002166,20.98611,0.479400108643045,345.90732,25.55163,0.53,0,7110312611211,54407.2689151736,1.24,30,2265.55,176.137,157.100006,2,0,0,1.994,1.07,0
1126112004076,7101812611241001742,21.128952,0.518257627877002,345.90739,25.55211,0.31,0,7101812611241,54391.3198938076,1.28,30,2269.1,151.546,138.800003,2,0,90,1.991,0.96,0
1126112004076,7091412611241003658,20.002726,0.282248188731572,345.90735,25.55192,2.38,0,7091412611241,54357.1818075809,1.21,30,2188.54,309.35,377.899994,6,0,-89.5,1.533,1.11,0
1126112004076,11123012611221001742,19.805185,0.253772892084901,345.90751,25.55167,3.7,0,11123012611221,55925.0760309142,1.1,30,2221.57,115.005,455.399994,6,0,86.4,1.587,0.78,0
1126112004076,12091812611241005135,20.465401,0.373848892965368,345.90769,25.55208,3.14,0,12091812611241,56188.2963460302,1.01,30,2281.06,326.604,235.100006,4,0,2.1,1.469,0.66,0
