MasterID,ID,Mag,Magerr,RA,Dec,FWHM,Var,FrameID,MJD,airmass,exposure,X,Y,Flux,Area,Flags,Theta,Elong,MuMax,Blend
1126007003149,7100812600731001795,19.966443,0.272436540337664,19.49625,25.53105,3.88,0,7100812600731,54381.4060599655,1.13,30,2897.22,176.785,401.899994,4,0,43.9,1.388,0.72,0
1126007003149,8120412600731002801,20.63329,0.388714983966886,19.49694,25.53116,1.82,0,8120412600731,54804.1890720604,1.02,30,2989.53,209.984,220.5,2,0,0,2.778,1.09,0
1126007003149,12091712600731002220,20.679651,0.355102293811402,19.4963,25.53165,0.92,0,12091712600731,56187.3499112733,1.01,40,2874.88,159.433,256,3,0,-49.3,1.068,1.07,0
1126007003149,12101612600721001909,19.823741,0.266867489436928,19.49692,25.5312,4.43,0,12101612600721,56216.359398426,1.07,30,3041.37,154.437,416.700012,5,2,-87.2,1.231,0.72,0
1126007003149,12111312600731003026,20.05956,0.253116391241603,19.49703,25.53108,4.21,0,12111312600731,56244.2709357756,1.05,40,2921.63,235.667,457.5,6,0,24.8,1.407,0.78,0
1126007003149,12120412600711002582,20.06953,0.302238795970593,19.49655,25.53102,3.83,0,12120412600711,56265.1270067361,1.02,30,2966.33,219.157,335.899994,3,0,-56.7,1.32,0.94,0
1126007003149,13090412600711002505,19.314264,0.222341903540397,19.49731,25.53195,5.64,1,13090412600711,56539.4190815045,1.01,30,2965.8,199.661,578.200012,9,0,28.9,1.821,0.96,0
1126007003149,13090412600741002512,20.123081,0.339079411287317,19.49739,25.53079,3.67,0,13090412600741,56539.434402315,1.01,30,2986.57,199.459,276.5,5,0,-71.2,2.233,1.1,0
1126007003149,13092612600711002209,21.086814,0.520631698465571,19.49659,25.53115,0.54,0,13092612600711,56561.3666324769,1.01,30,2980,207.425,137.800003,2,0,90,1.983,0.92,0
