MasterID,ID,Mag,Magerr,RA,Dec,FWHM,Var,FrameID,MJD,airmass,exposure,X,Y,Flux,Area,Flags,Theta,Elong,MuMax,Blend
1152036017576,10041215203641017700,19.577553,0.219934982203002,159.07541,52.03795,5.13,1,10041215203641,55298.266790139,1.13,30,1028.58,1752.87,589.900024,9,0,-16.7,1.765,1.06,0
1152036017576,10022015203631021093,19.419473,0.204525569048162,159.07509,52.03781,2.81,1,10022015203631,55247.1897552544,1.34,30,933.202,1930.69,675.400024,6,0,-72,1.439,0.83,0
1152036017576,10051115203641014873,20.008921,0.27986570102506,159.0758,52.03819,4.08,1,10051115203641,55327.2552757291,1.35,30,959.174,1631.13,383.5,5,0,-45.4,1.179,0.97,0
