MasterID,ID,Mag,Magerr,RA,Dec,FWHM,Var,FrameID,MJD,airmass,exposure,X,Y,Flux,Area,Flags,Theta,Elong,MuMax,Blend
1160031001330,13031816003131000098,20.764223,0.42535872426617,164.4961,59.23411,2.24,0,13031816003131,56369.3255654979,1.16,30,3402.02,10.941,190.399994,3,0,-33.7,2.303,0.83,0
1160031001330,13031816003141000154,20.235834,0.316765562761035,164.49607,59.23412,2.8,1,13031816003141,56369.330171979,1.16,30,3437.32,12.209,310.100006,5,0,-42.7,1.27,1.1,0
1160031001330,12012616003121001600,20.281402,0.312858507003638,164.49633,59.23402,3.31,0,12012616003121,55952.3237051969,1.25,30,3572.14,137.135,316.700012,4,0,33,1.285,0.69,0
1160031001330,12012616003141001895,20.599767,0.372792290167597,164.49559,59.23432,2.59,0,12012616003141,55952.3364659608,1.22,30,3595.4,166.525,236.199997,4,0,88.8,1.656,0.87,0
