MasterID,ID,Mag,Magerr,RA,Dec,FWHM,Var,FrameID,MJD,airmass,exposure,X,Y,Flux,Area,Flags,Theta,Elong,MuMax,Blend
1155030046438,8120315503051032394,20.532565,0.397133865660447,140.78271,55.72166,2.9,0,8120315503051,54803.4634872571,1.1,24,1281.36,3055.66,212.899994,3,0,-42.7,1.073,0.62,0
1155030046438,9121815503011034167,19.896948,0.251849284993652,140.78205,55.72171,3.31,1,9121815503011,55183.3832287849,1.15,30,1276.12,3095.91,461.600006,3,0,-69.9,2.365,1.64,0
1155030046438,9032315503041041174,21.364115,0.550206130910405,140.78253,55.72164,0.27,0,9032315503041,54913.2827978586,1.18,30,1272.84,3021.64,126.300003,2,0,90,1.991,0.8,0
1155030046438,9112415503011037094,20.820413,0.425634882002793,140.78203,55.72187,2.53,0,9112415503011,55159.3881065971,1.31,30,1266.09,3167.89,190.199997,3,0,49.1,1.732,0.79,0
1155030046438,11013015503011039773,19.394872,0.202516396373802,140.78289,55.7221,6.56,1,11013015503011,55591.3015586576,1.1,30,1268.8,3065.1,688.099976,7,0,29.2,2.17,0.93,0
1155030046438,11110315503011035272,18.612108,0.139840180095854,140.78109,55.72225,4.53,1,11110315503011,55868.4918014817,1.18,30,1350.55,3102.01,1459.199951,7,2,64.8,2.774,0.97,0
