MasterID,ID,Mag,Magerr,RA,Dec,FWHM,Var,FrameID,MJD,airmass,exposure,X,Y,Flux,Area,Flags,Theta,Elong,MuMax,Blend
1152051007574,6020315205111004107,20.027048,0.355855617134451,223.72841,51.14651,2.91,0,6020315205111,53769.5236430671,1.08,30,2747.8,574.991,255.100006,2,0,52.9,1.025,0.83,0
1152051007574,13050915205131008436,20.214058,0.327711548447094,223.72729,51.14758,3.62,0,13050915205131,56421.4194101738,1.25,30,2678.36,534.962,292.799988,5,0,-3.7,1.517,0.92,0
1152051007574,13060615205111005599,20.015249,0.293903405617739,223.72623,51.14712,4.29,0,13060615205111,56449.308363264,1.15,30,2712.49,514.465,352.399994,5,0,-32.1,2.612,0.62,0
1152051007574,13060615205121006766,20.797321,0.451880634156308,223.72729,51.14682,2.52,0,13060615205121,56449.3139998033,1.16,30,2711.52,490.052,172.699997,2,0,49.6,1.681,0.98,0
