MasterID,ID,Mag,Magerr,RA,Dec,FWHM,Var,FrameID,MJD,airmass,exposure,X,Y,Flux,Area,Flags,Theta,Elong,MuMax,Blend
1149036052753,9033014903641048251,20.130003,0.286835754838512,149.69713,50.59927,3.19,0,9033014903641,54920.2300554165,1.06,30,1008.94,3864.33,367.5,4,0,-30.9,1.761,0.95,0
1149036052753,9101514903621039034,20.927743,0.533464798268041,149.69784,50.59943,1.12,0,9101514903621,55119.4518260302,1.77,24,1057.4,3947.58,132.600006,2,0,90,1.991,0.7,0
1149036052753,10022014903641044866,19.676732,0.230600746181644,149.69643,50.59972,5.27,1,10022014903641,55247.1937964237,1.21,30,1119.09,3881.95,540.900024,8,2,35,2.167,0.72,0
1149036052753,11051314903621028885,19.669372,0.269534069009812,149.69679,50.59929,3.82,1,11051314903621,55694.2149481947,1.29,25,1097.54,3706.29,409.5,3,2,-64.2,1.638,0.85,0
1149036052753,11122814903611039173,20.28858,0.316104620521003,149.6982,50.59975,3.4,0,11122814903611,55923.3545131367,1.17,30,1148.9,3920.75,311.200012,3,2,-71.1,1.626,0.8,0
1149036052753,11122814903621043176,19.963738,0.265383712876033,149.69791,50.5995,2.73,1,11122814903621,55923.3601247571,1.16,30,1152.51,3889.48,420.799988,4,2,-59,1.575,1.09,0
1149036052753,12121114903621047399,20.249382,0.262280389825155,149.69823,50.5994,4.28,0,12121114903621,56272.5269460649,1.06,40,1054.75,3756.3,429.600006,6,2,1.6,2.066,0.83,0
